Iter;eval;function-value;axis-ratio;sigma;min&max;std;min;sec;temps
1;16;0.000148154991284595;1.00e+00;9.59e-01;1.00e+00;1.00e+00;0;0;0
2;32;8.14e-05;1.00e+00;9.27e-01;9.00e-01;9.00e-01;0;0.1;0.1
3;48;3.40e-04;1.00e+00;9.00e-01;9.00e-01;9.00e-01;0;0.1;0.1
133;2128;7.89e-05;1.50e+00;6.18e-01;6.00e-01;7.00e-01;0;3.1;3.1
301;4816;1.49e-04;1.70e+00;4.31e-01;4.00e-01;5.00e-01;0;7.1;7.1
500;8000;7.58e-05;1.80e+00;3.72e-01;3.00e-01;4.00e-01;0;12.1;12.1
740;11840;1.12e-04;2.10e+00;2.91e-01;3.00e-01;3.00e-01;0;18.2;18.2
1000;16000;1.27e-04;2.30e+00;2.76e-01;2.00e-01;3.00e-01;0;24.5;24.5
1310;20960;8.33e-05;2.50e+00;9.99e-02;8.00e-02;1.00e-01;0;32.5;32.5
1500;24000;7.12e-05;2.70e+00;6.76e-02;5.00e-02;8.00e-02;0;37.5;37.5
1879;30064;5.79e-05;3.80e+00;3.46e-02;2.00e-02;4.00e-02;0;47.5;47.5
2000;32000;5.47e-05;4.30e+00;3.97e-02;3.00e-02;5.00e-02;0;50.7;50.7
2458;39328;4.80e-05;6.40e+00;2.29e-02;1.00e-02;3.00e-02;1;2.7;62.7
2500;40000;4.67e-05;6.40e+00;2.47e-02;1.00e-02;3.00e-02;1;3.8;63.8
3000;48000;3.52e-05;1.20e+01;1.78e-02;8.00e-03;2.00e-02;1;16.9;76.9
3500;56000;2.56e-05;3.10e+01;1.99e-02;8.00e-03;4.00e-02;1;30;90
4000;64000;1.60e-05;5.90e+01;2.78e-02;1.00e-02;7.00e-02;1;42.9;102.9
4500;72000;8.48e-06;7.80e+01;1.67e-02;6.00e-03;5.00e-02;1;55.8;115.8
5000;80000;6.27e-06;9.70e+01;9.52e-03;3.00e-03;3.00e-02;2;8.7;128.7
5500;88000;4.33e-06;1.10e+02;1.07e-02;3.00e-03;3.00e-02;2;21.6;141.6
6000;96000;2.97e-06;1.30e+02;1.20e-02;3.00e-03;3.00e-02;2;34.6;154.6
6500;104000;2.48e-06;1.60e+02;8.86e-03;2.00e-03;2.00e-02;2;47.6;167.6
7000;112000;1.84e-06;1.90e+02;1.27e-02;2.00e-03;4.00e-02;3;0.5;180.5
7500;120000;1.34e-06;2.40e+02;8.84e-03;1.00e-03;3.00e-02;3;13.6;193.6
8000;128000;1.03e-06;3.20e+02;9.63e-03;1.00e-03;4.00e-02;3;26.7;206.7
8500;136000;7.58e-07;4.00e+02;1.09e-02;1.00e-03;4.00e-02;3;39.9;219.9
9000;144000;5.95e-07;5.60e+02;5.27e-03;5.00e-04;2.00e-02;3;53;233
9500;152000;4.88e-07;7.40e+02;6.01e-03;4.00e-04;3.00e-02;4;6.5;246.5
10000;160000;4.56e-07;8.20e+02;2.94e-03;2.00e-04;1.00e-02;4;19.7;259.7
10500;168000;4.39e-07;9.20e+02;2.98e-03;2.00e-04;1.00e-02;4;33.1;273.1
11000;176000;4.33e-07;1.00e+03;2.58e-03;1.00e-04;1.00e-02;4;46.4;286.4
11500;184000;4.28e-07;1.10e+03;2.50e-03;1.00e-04;1.00e-02;4;59.7;299.7
12000;192000;4.24e-07;1.40e+03;2.66e-03;9.00e-05;1.00e-02;5;13;313
﻿12500;200000;4.20e-07;1.90e+03;2.54e-03;8.00e-05;2.00e-02;5;26.2;326.2
13000;208000;4.15e-07;2.00e+03;3.34e-03;9.00e-05;2.00e-02;5;39.5;339.5
13500;216000;4.12e-07;2.40e+03;4.94e-03;1.00e-04;3.00e-02;5;52.8;352.8
14000;224000;4.10e-07;3.10e+03;2.43e-03;5.00e-05;2.00e-02;6;6.1;366.1
14500;232000;4.08e-07;4.20e+03;1.86e-03;4.00e-05;2.00e-02;6;19.6;379.6
15000;240000;4.07e-07;5.40e+03;1.65e-03;3.00e-05;2.00e-02;6;33;393
15500;248000;4.07e-07;6.30e+03;2.12e-03;4.00e-05;3.00e-02;6;46.2;406.2
16000;256000;4.06e-07;8.50e+03;1.74e-03;3.00e-05;3.00e-02;6;59.3;419.3
16500;264000;4.05e-07;9.20e+03;1.31e-03;2.00e-05;2.00e-02;7;12.5;432.5
17000;272000;4.05e-07;8.70e+03;9.52e-04;1.00e-05;1.00e-02;7;25.9;445.9
17500;280000;4.05e-07;1.40e+04;2.29e-03;3.00e-05;4.00e-02;7;39;459
18000;288000;4.04e-07;1.70e+04;1.21e-03;1.00e-05;2.00e-02;7;52.1;472.1
18500;296000;4.04e-07;2.00e+04;5.15e-04;5.00e-06;9.00e-03;8;5.4;485.4
19000;304000;4.04e-07;1.90e+04;8.68e-04;8.00e-06;1.00e-02;8;18.8;498.8
19500;312000;4.04e-07;2.10e+04;1.42e-03;1.00e-05;2.00e-02;8;32.1;512.1
20000;320000;4.04e-07;1.80e+04;9.24e-04;7.00e-06;1.00e-02;8;45.6;525.6
20500;328000;4.04e-07;2.30e+04;2.78e-03;2.00e-05;3.00e-02;8;58.8;538.8
21000;336000;4.03e-07;2.30e+04;2.41e-03;2.00e-05;2.00e-02;9;12;552
21500;344000;4.03e-07;2.30e+04;4.70e-04;3.00e-06;4.00e-03;9;25.2;565.2
22000;352000;4.03e-07;2.20e+04;2.05e-03;1.00e-05;1.00e-02;9;38.5;578.5
22500;360000;4.03e-07;2.10e+04;2.02e-03;1.00e-05;2.00e-02;9;51.7;591.7
23000;368000;4.03e-07;2.20e+04;2.08e-03;1.00e-05;2.00e-02;10;4.7;604.7
23500;376000;4.02e-07;2.10e+04;1.57e-03;9.00e-06;1.00e-02;10;17.8;617.8
24000;384000;4.02e-07;1.90e+04;1.25e-03;7.00e-06;6.00e-03;10;31.2;631.2
﻿24500;392000;4.02e-07;2.10e+04;1.19e-03;6.00e-06;7.00e-03;10;44.4;644.4
25000;400000;4.02e-07;1.90e+04;1.19e-03;6.00e-06;6.00e-03;10;57.7;657.7
25500;408000;4.02e-07;2.60e+04;1.91e-03;9.00e-06;1.00e-02;11;11;671
26000;416000;4.02e-07;2.80e+04;1.45e-03;6.00e-06;8.00e-03;11;24.1;684.1
26500;424000;4.02e-07;3.20e+04;1.09e-03;4.00e-06;6.00e-03;11;37.4;697.4
27000;432000;4.02e-07;3.10e+04;1.14e-03;4.00e-06;6.00e-03;11;50.8;710.8
27500;440000;4.02e-07;3.00e+04;3.46e-03;1.00e-05;2.00e-02;12;4.2;724.2
28000;448000;4.02e-07;2.80e+04;1.37e-03;5.00e-06;7.00e-03;12;17.5;737.5
28500;456000;4.02e-07;3.80e+04;1.66e-03;5.00e-06;1.00e-02;12;30.7;750.7
29000;464000;4.01e-07;4.20e+04;1.88e-03;6.00e-06;1.00e-02;12;44;764
29500;472000;4.01e-07;6.30e+04;1.68e-03;5.00e-06;2.00e-02;12;57.3;777.3
30000;480000;4.01e-07;6.30e+04;1.77e-03;5.00e-06;2.00e-02;13;10.6;790.6
30500;488000;4.01e-07;7.70e+04;1.94e-03;5.00e-06;2.00e-02;13;24.1;804.1
31000;496000;4.01e-07;7.50e+04;1.15e-03;3.00e-06;1.00e-02;13;37.6;817.6
﻿31500;504000;4.01e-07;7.70e+04;2.06e-03;5.00e-06;2.00e-02;13;50.9;830.9
32000;512000;4.01e-07;8.90e+04;2.18e-03;5.00e-06;2.00e-02;14;4.2;844.2
32500;520000;4.01e-07;9.80e+04;1.28e-03;3.00e-06;1.00e-02;14;17.6;857.6
33000;528000;4.01e-07;1.00e+05;1.33e-03;3.00e-06;2.00e-02;14;31;871
33500;536000;4.01e-07;1.00e+05;1.14e-03;2.00e-06;1.00e-02;14;44.4;884.4
34000;544000;4.01e-07;9.00e+04;1.32e-03;3.00e-06;1.00e-02;14;57.8;897.8
34500;552000;4.00e-07;8.50e+04;1.78e-03;3.00e-06;1.00e-02;15;11.1;911.1
35000;560000;4.00e-07;8.60e+04;2.94e-03;5.00e-06;2.00e-02;15;24.5;924.5
35500;568000;4.00e-07;1.10e+05;1.55e-03;3.00e-06;1.00e-02;15;37.9;937.9
36000;576000;4.00e-07;1.90e+05;1.30e-03;2.00e-06;2.00e-02;15;51.3;951.3
36500;584000;4.00e-07;1.80e+05;7.89e-04;1.00e-06;9.00e-03;16;4.7;964.7
37000;592000;4.00e-07;1.70e+05;4.73e-04;7.00e-07;5.00e-03;16;18.1;978.1
37500;600000;4.00e-07;1.60e+05;9.58e-04;1.00e-06;9.00e-03;16;31.6;991.6
38000;608000;4.00e-07;2.00e+05;1.35e-03;2.00e-06;1.00e-02;16;44.9;1004.9
38500;616000;4.00e-07;2.20e+05;3.85e-04;5.00e-07;4.00e-03;16;58.3;1018.3
39000;624000;4.00e-07;2.40e+05;1.51e-03;2.00e-06;2.00e-02;17;11.7;1031.7
39500;632000;4.00e-07;2.10e+05;1.04e-03;1.00e-06;1.00e-02;17;25;1045
40000;640000;4.00e-07;1.80e+05;1.19e-03;1.00e-06;1.00e-02;17;38.4;1058.4
40500;648000;4.00e-07;1.60e+05;9.49e-04;1.00e-06;7.00e-03;17;51.8;1071.8
41000;656000;4.00e-07;1.30e+05;6.68e-04;7.00e-07;4.00e-03;18;5.3;1085.3
﻿41500;664000;4.00e-07;1.30e+05;4.63e-04;4.00e-07;3.00e-03;18;18.8;1098.8
42000;672000;4.00e-07;1.60e+05;2.06e-04;2.00e-07;2.00e-03;18;32.1;1112.1
42500;680000;4.00e-07;1.50e+05;1.52e-04;1.00e-07;1.00e-03;18;45.5;1125.5
43000;688000;4.00e-07;1.30e+05;9.47e-05;8.00e-08;6.00e-04;18;58.8;1138.8
43500;696000;4.00e-07;1.30e+05;4.03e-04;3.00e-07;2.00e-03;19;12.2;1152.2
44000;704000;4.00e-07;2.50e+05;2.77e-04;2.00e-07;3.00e-03;19;25.7;1165.7
44500;712000;4.00e-07;3.90e+05;1.96e-04;1.00e-07;4.00e-03;19;39.3;1179.3
45000;720000;4.00e-07;5.00e+05;2.49e-04;2.00e-07;6.00e-03;19;52.7;1192.7
45500;728000;4.00e-07;5.60e+05;1.72e-04;1.00e-07;4.00e-03;20;6.1;1206.1
46000;736000;4.00e-07;5.70e+05;2.70e-04;2.00e-07;7.00e-03;20;19.7;1219.7
46500;744000;4.00e-07;5.50e+05;2.26e-04;2.00e-07;5.00e-03;20;33.2;1233.2
47000;752000;4.00e-07;5.50e+05;3.99e-04;3.00e-07;1.00e-02;20;46.6;1246.6
47500;760000;4.00e-07;5.50e+05;4.68e-04;3.00e-07;1.00e-02;21;0.4;1260.4
48000;768000;4.00e-07;5.30e+05;3.34e-04;2.00e-07;7.00e-03;21;13.9;1273.9
48500;776000;4.00e-07;5.90e+05;3.33e-04;2.00e-07;8.00e-03;21;27.6;1287.6
49000;784000;4.00e-07;7.10e+05;2.48e-04;2.00e-07;6.00e-03;21;41.1;1301.1
﻿49500;792000;4.00e-07;5.90e+05;1.56e-04;9.00e-08;3.00e-03;21;54.6;1314.6
50000;800000;4.00e-07;4.90e+05;4.99e-04;3.00e-07;8.00e-03;22;8;1328
50500;808000;4.00e-07;2.50e+05;6.14e-04;3.00e-07;5.00e-03;22;21.3;1341.3
51000;816000;4.00e-07;2.50e+05;2.81e-04;1.00e-07;2.00e-03;22;34.8;1354.8
51500;824000;4.00e-07;2.60e+05;5.66e-04;3.00e-07;5.00e-03;22;48.2;1368.2
52000;832000;4.00e-07;2.60e+05;3.68e-04;2.00e-07;3.00e-03;23;1.7;1381.7
52500;840000;4.00e-07;2.70e+05;4.67e-04;2.00e-07;3.00e-03;23;15.3;1395.3
53000;848000;4.00e-07;2.50e+05;3.55e-04;2.00e-07;2.00e-03;23;28.9;1408.9
53500;856000;4.00e-07;3.20e+05;3.03e-04;1.00e-07;2.00e-03;23;42.4;1422.4
54000;864000;4.00e-07;4.60e+05;2.92e-04;1.00e-07;3.00e-03;23;55.9;1435.9
54500;872000;4.00e-07;5.20e+05;3.81e-04;2.00e-07;5.00e-03;24;9.4;1449.4
55000;880000;4.00e-07;4.90e+05;3.67e-04;1.00e-07;4.00e-03;24;22.8;1462.8
55500;888000;4.00e-07;4.80e+05;6.92e-04;3.00e-07;8.00e-03;24;36.4;1476.4
56000;896000;4.00e-07;5.20e+05;4.68e-04;2.00e-07;6.00e-03;24;51.5;1491.5
56500;904000;4.00e-07;5.30e+05;4.24e-04;2.00e-07;5.00e-03;25;10.2;1510.2
57000;912000;4.00e-07;6.50e+05;4.19e-04;2.00e-07;6.00e-03;25;25.2;1525.2
57500;920000;4.00e-07;6.60e+05;2.53e-04;1.00e-07;4.00e-03;25;46.8;1546.8
58000;928000;4.00e-07;6.10e+05;2.22e-04;8.00e-08;3.00e-03;26;8.5;1568.5
58500;936000;4.00e-07;5.10e+05;2.03e-03;7.00e-07;2.00e-02;26;30.2;1590.2
59000;944000;4.00e-07;4.30e+05;1.25e-03;4.00e-07;9.00e-03;26;51.9;1611.9
59500;952000;4.00e-07;4.60e+05;1.18e-03;4.00e-07;7.00e-03;27;13.6;1633.6
60000;960000;4.00e-07;3.80e+05;2.08e-03;6.00e-07;1.00e-02;27;35.3;1655.3
﻿60500;968000;4.00e-07;2.70e+05;2.90e-03;8.00e-07;1.00e-02;27;56.9;1676.9
61000;976000;4.00e-07;2.30e+05;2.41e-03;6.00e-07;7.00e-03;28;18.5;1698.5
61500;984000;4.00e-07;3.20e+05;2.56e-03;7.00e-07;9.00e-03;28;40.3;1720.3
62000;992000;4.00e-07;3.90e+05;2.01e-03;5.00e-07;8.00e-03;29;2.3;1742.3
62500;1000000;4.00e-07;4.90e+05;3.15e-03;8.00e-07;2.00e-02;29;24.2;1764.2
63000;1008000;4.00e-07;4.50e+05;4.07e-03;1.00e-06;2.00e-02;29;45.8;1785.8
63500;1016000;4.00e-07;4.10e+05;2.79e-03;7.00e-07;1.00e-02;30;7.3;1807.3
64000;1024000;4.00e-07;4.20e+05;2.24e-03;5.00e-07;8.00e-03;30;28.9;1828.9
64500;1032000;4.00e-07;4.10e+05;2.33e-03;5.00e-07;8.00e-03;30;50.6;1850.6
65000;1040000;3.99e-07;3.90e+05;1.75e-03;4.00e-07;5.00e-03;31;6.4;1866.4
65500;1048000;3.99e-07;4.20e+05;1.36e-03;3.00e-07;4.00e-03;31;20.1;1880.1
66000;1056000;3.99e-07;3.70e+05;2.48e-03;5.00e-07;6.00e-03;31;34.2;1894.2
66500;1064000;3.99e-07;4.10e+05;2.29e-03;4.00e-07;9.00e-03;31;48.3;1908.3
67000;1072000;3.99e-07;4.10e+05;1.36e-03;2.00e-07;5.00e-03;32;2.4;1922.4
67500;1080000;3.99e-07;4.00e+05;6.17e-04;1.00e-07;2.00e-03;32;16.2;1936.2
68000;1088000;3.99e-07;4.80e+05;1.32e-03;2.00e-07;5.00e-03;32;29.8;1949.8
68500;1096000;3.99e-07;6.10e+05;7.19e-05;1.00e-08;4.00e-04;32;43.1;1963.1
69000;1104000;3.99e-07;6.70e+05;6.04e-04;8.00e-08;3.00e-03;32;56.4;1976.4
69500;1112000;3.99e-07;5.30e+05;4.94e-04;6.00e-08;2.00e-03;33;9.6;1989.6
70000;1120000;3.99e-07;5.30e+05;5.31e-04;6.00e-08;2.00e-03;33;22.8;2002.8
70500;1128000;3.99e-07;6.80e+05;4.92e-04;6.00e-08;3.00e-03;33;36.1;2016.1
71000;1136000;3.99e-07;6.50e+05;5.70e-04;6.00e-08;3.00e-03;33;49.3;2029.3
71500;1144000;3.99e-07;5.60e+05;4.49e-04;5.00e-08;2.00e-03;34;2.6;2042.6
72000;1152000;3.99e-07;7.70e+05;5.03e-04;5.00e-08;3.00e-03;34;16.1;2056.1
72500;1160000;3.99e-07;8.90e+05;4.61e-04;5.00e-08;3.00e-03;34;29.4;2069.4
73000;1168000;3.99e-07;9.80e+05;5.67e-04;6.00e-08;3.00e-03;34;42.8;2082.8
73500;1176000;3.99e-07;1.10e+06;5.16e-04;5.00e-08;3.00e-03;34;56.1;2096.1
74000;1184000;3.99e-07;1.30e+06;6.31e-04;6.00e-08;4.00e-03;35;9.3;2109.3
74500;1192000;3.99e-07;1.40e+06;3.04e-04;3.00e-08;2.00e-03;35;22.6;2122.6
75000;1200000;3.99e-07;1.50e+06;2.92e-04;3.00e-08;2.00e-03;35;36;2136
75500;1208000;3.99e-07;1.60e+06;5.19e-04;5.00e-08;4.00e-03;35;49.3;2149.3
76000;1216000;3.99e-07;1.70e+06;3.97e-04;4.00e-08;3.00e-03;36;2.6;2162.6
76500;1224000;3.99e-07;1.70e+06;5.24e-04;4.00e-08;3.00e-03;36;15.8;2175.8
﻿77000;1232000;3.99e-07;1.40e+06;6.23e-04;5.00e-08;3.00e-03;36;29.2;2189.2
77500;1240000;3.99e-07;1.40e+06;7.74e-04;6.00e-08;4.00e-03;36;42.6;2202.6
78000;1248000;3.99e-07;1.50e+06;5.88e-04;5.00e-08;3.00e-03;36;56;2216
78500;1256000;3.99e-07;1.40e+06;7.83e-04;6.00e-08;3.00e-03;37;9.4;2229.4
79000;1264000;3.99e-07;1.20e+06;1.79e-03;1.00e-07;6.00e-03;37;22.8;2242.8
79500;1272000;3.99e-07;1.30e+06;7.82e-04;6.00e-08;2.00e-03;37;36.2;2256.2
80000;1280000;3.99e-07;1.60e+06;1.63e-04;1.00e-08;6.00e-04;37;49.5;2269.5
80500;1288000;3.99e-07;2.10e+06;3.86e-04;3.00e-08;2.00e-03;38;2.7;2282.7
81000;1296000;3.99e-07;2.80e+06;1.42e-04;9.00e-09;9.00e-04;38;15.6;2295.6
81500;1304000;3.99e-07;3.90e+06;4.48e-05;3.00e-09;4.00e-04;38;28.7;2308.7
82000;1312000;3.99e-07;3.50e+06;4.40e-04;3.00e-08;3.00e-03;38;42;2322
82500;1320000;3.99e-07;1.90e+06;5.75e-04;3.00e-08;2.00e-03;38;55.4;2335.4
83000;1328000;3.99e-07;1.30e+06;6.47e-04;4.00e-08;2.00e-03;39;8.7;2348.7
83500;1336000;3.99e-07;1.50e+06;1.38e-04;8.00e-09;4.00e-04;39;22.1;2362.1
84000;1344000;3.99e-07;1.40e+06;8.36e-05;4.00e-09;2.00e-04;39;35.4;2375.4
84500;1352000;3.99e-07;2.00e+06;3.61e-04;2.00e-08;1.00e-03;39;48.8;2388.8
85000;1360000;3.99e-07;2.40e+06;2.68e-04;1.00e-08;1.00e-03;40;2;2402
85500;1368000;3.99e-07;3.20e+06;1.64e-04;7.00e-09;1.00e-03;40;15.3;2415.3
86000;1376000;3.99e-07;3.70e+06;9.19e-05;4.00e-09;6.00e-04;40;28.7;2428.7
86500;1384000;3.99e-07;3.50e+06;1.55e-04;7.00e-09;9.00e-04;40;42.1;2442.1
87000;1392000;3.99e-07;3.10e+06;3.23e-04;1.00e-08;1.00e-03;40;55.5;2455.5
87500;1400000;3.99e-07;2.40e+06;5.28e-04;2.00e-08;2.00e-03;41;8.8;2468.8
88000;1408000;3.99e-07;2.00e+06;4.33e-04;2.00e-08;1.00e-03;41;22;2482
﻿88500;1416000;3.99e-07;1.80e+06;1.02e-03;4.00e-08;3.00e-03;41;35.2;2495.2
89000;1424000;3.99e-07;1.80e+06;1.19e-03;5.00e-08;3.00e-03;41;48.6;2508.6
89500;1432000;3.99e-07;2.00e+06;1.06e-03;4.00e-08;3.00e-03;42;1.6;2521.6
90000;1440000;3.99e-07;2.30e+06;1.01e-03;4.00e-08;3.00e-03;42;15;2535
90500;1448000;3.99e-07;2.80e+06;6.01e-04;2.00e-08;2.00e-03;42;28.4;2548.4
91000;1456000;3.99e-07;3.00e+06;3.47e-04;1.00e-08;1.00e-03;42;41.8;2561.8
91500;1464000;3.99e-07;2.90e+06;6.66e-04;2.00e-08;2.00e-03;42;55.1;2575.1
92000;1472000;3.99e-07;2.70e+06;1.05e-03;3.00e-08;3.00e-03;43;8.4;2588.4
92500;1480000;3.99e-07;1.60e+06;1.03e-03;3.00e-08;2.00e-03;43;21.4;2601.4
93000;1488000;3.99e-07;1.50e+06;4.10e-04;1.00e-08;5.00e-04;43;34.8;2614.8
93500;1496000;3.99e-07;2.40e+06;8.18e-04;2.00e-08;2.00e-03;43;47.9;2627.9
94000;1504000;3.99e-07;3.10e+06;3.93e-04;1.00e-08;1.00e-03;44;1;2641
94500;1512000;3.99e-07;4.20e+06;4.97e-04;1.00e-08;2.00e-03;44;14.2;2654.2
﻿95000;1520000;3.99e-07;3.10e+06;3.06e-04;8.00e-09;9.00e-04;44;27.3;2667.3
95500;1528000;3.99e-07;3.30e+06;5.35e-04;1.00e-08;2.00e-03;44;40.5;2680.5
96000;1536000;3.99e-07;3.30e+06;7.10e-04;2.00e-08;2.00e-03;44;53.5;2693.5
96500;1544000;3.99e-07;2.90e+06;7.75e-04;2.00e-08;2.00e-03;45;6.5;2706.5
97000;1552000;3.99e-07;2.40e+06;1.25e-03;3.00e-08;2.00e-03;45;19.5;2719.5
97500;1560000;3.99e-07;1.90e+06;1.12e-03;2.00e-08;2.00e-03;45;32.7;2732.7
98000;1568000;3.99e-07;2.00e+06;1.62e-03;3.00e-08;2.00e-03;45;46;2746
98500;1576000;3.99e-07;2.10e+06;2.86e-03;6.00e-08;4.00e-03;45;59.1;2759.1
99000;1584000;3.99e-07;2.40e+06;1.73e-03;3.00e-08;3.00e-03;46;12.4;2772.4
99500;1592000;3.99e-07;2.80e+06;2.10e-03;4.00e-08;4.00e-03;46;25.6;2785.6
100000;1600000;3.99e-07;2.60e+06;1.41e-03;3.00e-08;2.00e-03;46;38.9;2798.9
100500;1608000;3.99e-07;2.70e+06;1.50e-03;3.00e-08;2.00e-03;46;52;2812
101000;1616000;3.99e-07;3.10e+06;1.47e-03;3.00e-08;3.00e-03;47;5;2825
101500;1624000;3.99e-07;3.00e+06;1.99e-03;3.00e-08;3.00e-03;47;18.4;2838.4
102000;1632000;3.99e-07;2.70e+06;1.62e-03;3.00e-08;2.00e-03;47;31.6;2851.6
102500;1640000;3.99e-07;2.50e+06;5.49e-04;9.00e-09;6.00e-04;47;44.9;2864.9
103000;1648000;3.99e-07;2.60e+06;1.14e-03;2.00e-08;1.00e-03;47;58.2;2878.2
103500;1656000;3.99e-07;2.90e+06;4.06e-03;6.00e-08;5.00e-03;48;11.4;2891.4
104000;1664000;3.99e-07;3.00e+06;1.65e-03;2.00e-08;2.00e-03;48;24.5;2904.5
104500;1672000;3.99e-07;3.50e+06;1.90e-03;2.00e-08;3.00e-03;48;37.6;2917.6
105000;1680000;3.99e-07;3.30e+06;1.40e-03;2.00e-08;2.00e-03;48;50;2930
105500;1688000;3.99e-07;2.70e+06;2.57e-03;3.00e-08;3.00e-03;49;4.2;2944.2
106000;1696000;3.99e-07;2.70e+06;2.34e-03;3.00e-08;2.00e-03;49;17.4;2957.4
106500;1704000;3.99e-07;2.80e+06;1.34e-03;1.00e-08;1.00e-03;49;30.6;2970.6
107000;1712000;3.99e-07;2.70e+06;4.84e-03;5.00e-08;4.00e-03;49;43.9;2983.9
107500;1720000;3.99e-07;2.60e+06;2.53e-03;3.00e-08;2.00e-03;49;57.2;2997.2
108000;1728000;3.99e-07;3.50e+06;3.24e-03;3.00e-08;3.00e-03;50;10.3;3010.3
108500;1736000;3.99e-07;3.80e+06;3.13e-03;3.00e-08;3.00e-03;50;23.5;3023.5
109000;1744000;3.99e-07;3.80e+06;4.03e-03;4.00e-08;4.00e-03;50;36.6;3036.6
109500;1752000;3.99e-07;4.20e+06;2.92e-03;3.00e-08;3.00e-03;50;49.9;3049.9
110000;1760000;3.99e-07;4.40e+06;2.59e-03;2.00e-08;2.00e-03;51;3.2;3063.2
110500;1768000;3.99e-07;4.10e+06;2.75e-03;3.00e-08;2.00e-03;51;16.5;3076.5
111000;1776000;3.99e-07;4.30e+06;4.05e-03;4.00e-08;4.00e-03;51;29.5;3089.5
111500;1784000;3.99e-07;4.20e+06;2.73e-03;2.00e-08;2.00e-03;51;42.8;3102.8
112000;1792000;3.99e-07;4.40e+06;5.86e-03;5.00e-08;5.00e-03;51;55.9;3115.9
112500;1800000;3.99e-07;4.30e+06;3.06e-03;2.00e-08;2.00e-03;52;9;3129
113000;1808000;3.99e-07;5.50e+06;2.89e-03;2.00e-08;3.00e-03;52;22.2;3142.2
113500;1816000;3.99e-07;5.40e+06;4.19e-03;3.00e-08;3.00e-03;52;35.6;3155.6
114000;1824000;3.99e-07;5.90e+06;2.26e-03;2.00e-08;2.00e-03;52;48.9;3168.9
114500;1832000;3.99e-07;6.90e+06;3.33e-03;2.00e-08;3.00e-03;53;2.2;3182.2
115000;1840000;3.99e-07;7.80e+06;2.66e-03;2.00e-08;3.00e-03;53;15.9;3195.9
115500;1848000;3.99e-07;7.50e+06;4.00e-03;3.00e-08;4.00e-03;53;29.4;3209.4
﻿116000;1856000;3.99e-07;5.50e+06;5.24e-03;3.00e-08;4.00e-03;53;42.6;3222.6
116500;1864000;3.99e-07;4.20e+06;4.96e-03;3.00e-08;3.00e-03;53;55.7;3235.7
117000;1872000;3.99e-07;4.10e+06;5.47e-03;3.00e-08;3.00e-03;54;8.8;3248.8
117500;1880000;3.99e-07;4.50e+06;4.28e-03;2.00e-08;2.00e-03;54;21.8;3261.8
118000;1888000;3.99e-07;5.70e+06;8.29e-03;5.00e-08;6.00e-03;54;35.1;3275.1
118500;1896000;3.99e-07;5.20e+06;1.00e-02;5.00e-08;6.00e-03;54;48.4;3288.4
119000;1904000;3.99e-07;5.40e+06;7.23e-03;4.00e-08;5.00e-03;55;1.4;3301.4
119500;1912000;3.99e-07;6.00e+06;6.32e-03;3.00e-08;5.00e-03;55;14.5;3314.5
120000;1920000;3.99e-07;5.50e+06;5.52e-03;2.00e-08;4.00e-03;55;27.7;3327.7
120500;1928000;3.99e-07;5.40e+06;7.66e-03;3.00e-08;5.00e-03;55;40.9;3340.9
121000;1936000;3.99e-07;5.70e+06;5.88e-03;2.00e-08;4.00e-03;55;54.1;3354.1
121500;1944000;3.99e-07;6.10e+06;6.96e-03;3.00e-08;5.00e-03;56;7.2;3367.2
122000;1952000;3.99e-07;5.30e+06;6.53e-03;3.00e-08;4.00e-03;56;20.4;3380.4
122500;1960000;3.99e-07;5.40e+06;7.19e-03;3.00e-08;4.00e-03;56;33.5;3393.5
123000;1968000;3.99e-07;5.50e+06;6.11e-03;2.00e-08;4.00e-03;56;46.7;3406.7
123500;1976000;3.99e-07;5.40e+06;7.53e-03;3.00e-08;4.00e-03;56;59.8;3419.8
124000;1984000;3.99e-07;4.40e+06;2.35e-03;9.00e-09;1.00e-03;57;12.8;3432.8
124500;1992000;3.99e-07;4.60e+06;8.75e-03;3.00e-08;4.00e-03;57;26;3446
﻿125000;2000000;3.99e-07;5.40e+06;3.30e-03;1.00e-08;2.00e-03;57;39.2;3459.2
125500;2008000;3.99e-07;5.70e+06;6.01e-03;2.00e-08;3.00e-03;57;52.4;3472.4
126000;2016000;3.99e-07;5.10e+06;3.14e-03;1.00e-08;1.00e-03;58;5.5;3485.5
126500;2024000;3.99e-07;6.00e+06;2.73e-03;9.00e-09;1.00e-03;58;18.7;3498.7
127000;2032000;3.99e-07;6.80e+06;3.60e-03;1.00e-08;2.00e-03;58;31.8;3511.8
﻿127500;2040000;3.99e-07;6.50e+06;4.49e-03;1.00e-08;2.00e-03;58;45;3525
128000;2048000;3.99e-07;6.00e+06;5.46e-03;2.00e-08;2.00e-03;58;58.1;3538.1
128500;2056000;3.99e-07;5.30e+06;5.72e-03;2.00e-08;2.00e-03;59;11.2;3551.2
129000;2064000;3.99e-07;4.20e+06;5.63e-03;2.00e-08;2.00e-03;59;24.3;3564.3
﻿129500;2072000;3.99e-07;2.90e+06;5.75e-03;2.00e-08;1.00e-03;59;37.6;3577.6
130000;2080000;3.99e-07;1.70e+06;3.83e-03;1.00e-08;4.00e-04;59;50.9;3590.9
130500;2088000;3.99e-07;2.70e+06;3.35e-03;9.00e-09;5.00e-04;60;4.2;3604.2
131000;2096000;3.99e-07;4.20e+06;8.15e-03;2.00e-08;2.00e-03;60;17.4;3617.4